channel,date,time_ct,purpose,post_file
HackerNews,2025-08-11,09:15,Launch,posts/hackernews.md
Reddit_ML,2025-08-11,09:30,Launch,posts/reddit_machinelearning.md
Reddit_LocalLLaMA,2025-08-11,09:35,Launch,posts/reddit_localllama.md
Discord_Announce,2025-08-11,09:45,Launch,posts/discord.txt
MLOps_Slack,2025-08-11,10:00,Launch,posts/slack.txt
Devpost,2025-08-11,10:15,Listing,posts/devpost.md
Gitcoin,2025-08-11,10:30,Listing,posts/gitcoin.md
LinkedIn,2025-08-11,10:45,Launch,posts/linkedin.md
Twitter_X,2025-08-11,11:00,Launch,posts/twitter_x.txt
HackerNews,2025-10-21,09:15,Mid‑challenge update,posts/hackernews.md
Reddit_ML,2025-10-21,09:30,Mid‑challenge update,posts/reddit_machinelearning.md
Discord_Announce,2025-10-21,09:45,Mid‑challenge update,posts/discord.txt
LinkedIn,2025-10-21,10:00,Mid‑challenge update,posts/linkedin.md
Twitter_X,2025-10-21,10:15,Mid‑challenge update,posts/twitter_x.txt
All,2025-12-30,09:30,48h reminder,posts/linkedin.md
All,2026-02-01,09:30,Winner announcement,outreach-kit/posts/winner_linkedin.md
