channel,date,time_ct,purpose,post_file
HackerNews,<LAUNCH_DATE>,09:15,Launch,posts/hackernews.md
Reddit_ML,<LAUNCH_DATE>,09:30,Launch,posts/reddit_machinelearning.md
Reddit_LocalLLaMA,<LAUNCH_DATE>,09:35,Launch,posts/reddit_localllama.md
Discord_Announce,<LAUNCH_DATE>,09:45,Launch,posts/discord.txt
MLOps_Slack,<LAUNCH_DATE>,10:00,Launch,posts/slack.txt
Devpost,<LAUNCH_DATE>,10:15,Listing,posts/devpost.md
Gitcoin,<LAUNCH_DATE>,10:30,Listing,posts/gitcoin.md
LinkedIn,<LAUNCH_DATE>,10:45,Launch,posts/linkedin.md
Twitter_X,<LAUNCH_DATE>,11:00,Launch,posts/twitter_x.txt
HackerNews,<MID_DATE>,09:15,Mid‑challenge update,posts/hackernews.md
Reddit_ML,<MID_DATE>,09:30,Mid‑challenge update,posts/reddit_machinelearning.md
Discord_Announce,<MID_DATE>,09:45,Mid‑challenge update,posts/discord.txt
LinkedIn,<MID_DATE>,10:00,Mid‑challenge update,posts/linkedin.md
Twitter_X,<MID_DATE>,10:15,Mid‑challenge update,posts/twitter_x.txt
All,<LASTCALL_DATE>,09:30,48h reminder,posts/linkedin.md
